{
  "system_info": {
    "platform": "macOS-26.1-arm64-arm-64bit",
    "processor": "arm",
    "python_version": "3.9.6",
    "cpu_count": 10,
    "cpu_count_logical": 10,
    "total_ram_gb": 16.0,
    "machine": "arm64"
  },
  "timestamp": "2025-12-12T01:05:54.687109",
  "n_runs_per_size": 5,
  "dataset_sizes": [
    500,
    1000,
    2000,
    3500,
    5000
  ],
  "measurements": {
    "500": {
      "training_time": {
        "mean": 0.23020394179999998,
        "std": 0.2360018785492453,
        "min": 0.070597625,
        "max": 0.6990937920000002,
        "values": [
          0.6990937920000002,
          0.10340983399999981,
          0.070597625,
          0.1243882919999999,
          0.1535301659999999
        ]
      },
      "memory_peak_mb": {
        "mean": 11.484375,
        "std": 23.000396990459752,
        "min": -0.25,
        "max": 57.484375,
        "values": [
          57.484375,
          -0.25,
          0.015625,
          0.171875,
          0.0
        ]
      },
      "test_rmse": {
        "mean": 0.10755633347361515,
        "std": 0.005093998062737262,
        "min": 0.10110375313703007,
        "max": 0.11670164482931229,
        "values": [
          0.10110375313703007,
          0.10774091162926192,
          0.11670164482931229,
          0.1065037134598231,
          0.10573164431264831
        ]
      },
      "test_r2": {
        "mean": 0.9651267689614749,
        "std": 0.0033545818961840126,
        "min": 0.9590361190548784,
        "max": 0.969254490373518,
        "values": [
          0.969254490373518,
          0.9650852905135251,
          0.9590361190548784,
          0.9658825438491123,
          0.9663754010163402
        ]
      },
      "epochs_trained": {
        "mean": 81.4,
        "std": 19.865548066942427,
        "min": 48.0,
        "max": 107.0,
        "values": [
          90.0,
          73.0,
          48.0,
          89.0,
          107.0
        ]
      }
    },
    "1000": {
      "training_time": {
        "mean": 0.1434341582000002,
        "std": 0.0351549983987402,
        "min": 0.11814129100000015,
        "max": 0.21307320900000004,
        "values": [
          0.21307320900000004,
          0.12387287500000044,
          0.13068562499999992,
          0.11814129100000015,
          0.13139779100000037
        ]
      },
      "memory_peak_mb": {
        "mean": -0.453125,
        "std": 0.9140825318317816,
        "min": -2.28125,
        "max": 0.015625,
        "values": [
          -2.28125,
          0.015625,
          0.0,
          0.0,
          0.0
        ]
      },
      "test_rmse": {
        "mean": 0.1096539801844981,
        "std": 0.001861030634746286,
        "min": 0.10733687854701848,
        "max": 0.1120362188687963,
        "values": [
          0.10847483209104451,
          0.1120362188687963,
          0.10875114779941007,
          0.10733687854701848,
          0.11167082361622112
        ]
      },
      "test_r2": {
        "mean": 0.9732595844095169,
        "std": 0.0009090670041143913,
        "min": 0.972093127951525,
        "max": 0.9743851275602962,
        "values": [
          0.973839126087143,
          0.972093127951525,
          0.9737056782269131,
          0.9743851275602962,
          0.9722748622217067
        ]
      },
      "epochs_trained": {
        "mean": 53.0,
        "std": 3.22490309931942,
        "min": 49.0,
        "max": 58.0,
        "values": [
          58.0,
          50.0,
          54.0,
          49.0,
          54.0
        ]
      }
    },
    "2000": {
      "training_time": {
        "mean": 0.17349092499999993,
        "std": 0.027934154335281163,
        "min": 0.14015562500000023,
        "max": 0.22259054099999975,
        "values": [
          0.16913316700000003,
          0.14015562500000023,
          0.22259054099999975,
          0.15563187500000009,
          0.1799434169999996
        ]
      },
      "memory_peak_mb": {
        "mean": -0.29375,
        "std": 0.5492715346256348,
        "min": -1.390625,
        "max": 0.0,
        "values": [
          -1.390625,
          0.0,
          0.0,
          -0.078125,
          0.0
        ]
      },
      "test_rmse": {
        "mean": 0.11798190211398014,
        "std": 0.008363531502769047,
        "min": 0.1085234040731945,
        "max": 0.13060518707293536,
        "values": [
          0.13060518707293536,
          0.10931949811617078,
          0.1085234040731945,
          0.11840868052392627,
          0.12305274078367381
        ]
      },
      "test_r2": {
        "mean": 0.9671491906034568,
        "std": 0.004672104046748822,
        "min": 0.9599447717678157,
        "max": 0.9723442668979436,
        "values": [
          0.9599447717678157,
          0.9719370309121164,
          0.9723442668979436,
          0.9670765420596162,
          0.9644433413797922
        ]
      },
      "epochs_trained": {
        "mean": 37.2,
        "std": 6.1773780845922,
        "min": 30.0,
        "max": 48.0,
        "values": [
          36.0,
          30.0,
          48.0,
          33.0,
          39.0
        ]
      }
    },
    "3500": {
      "training_time": {
        "mean": 0.3046225164000001,
        "std": 0.046589547247418886,
        "min": 0.2533363340000001,
        "max": 0.3874130830000002,
        "values": [
          0.2824040409999995,
          0.3874130830000002,
          0.3203707910000002,
          0.2533363340000001,
          0.2795883330000004
        ]
      },
      "memory_peak_mb": {
        "mean": 0.01875,
        "std": 0.03029799910885206,
        "min": 0.0,
        "max": 0.078125,
        "values": [
          0.078125,
          0.0,
          0.0,
          0.0,
          0.015625
        ]
      },
      "test_rmse": {
        "mean": 0.11145541091722559,
        "std": 0.0022993221151085,
        "min": 0.10935240513201948,
        "max": 0.11585594071007768,
        "values": [
          0.11585594071007768,
          0.10935240513201948,
          0.11085754551809261,
          0.1099554845330959,
          0.11125567869284228
        ]
      },
      "test_r2": {
        "mean": 0.9734364484717666,
        "std": 0.0011090154588699827,
        "min": 0.9713096632425583,
        "max": 0.974440302531352,
        "values": [
          0.9713096632425583,
          0.974440302531352,
          0.9737318463749228,
          0.9741576012474938,
          0.9735428289625061
        ]
      },
      "epochs_trained": {
        "mean": 38.4,
        "std": 5.885575587824865,
        "min": 32.0,
        "max": 49.0,
        "values": [
          36.0,
          49.0,
          40.0,
          32.0,
          35.0
        ]
      }
    },
    "5000": {
      "training_time": {
        "mean": 0.4658897082000003,
        "std": 0.10625246569065874,
        "min": 0.3024164159999998,
        "max": 0.5787857089999999,
        "values": [
          0.5557202080000003,
          0.3024164159999998,
          0.382470541,
          0.5787857089999999,
          0.5100556670000014
        ]
      },
      "memory_peak_mb": {
        "mean": -0.0375,
        "std": 0.075,
        "min": -0.1875,
        "max": 0.0,
        "values": [
          0.0,
          0.0,
          0.0,
          0.0,
          -0.1875
        ]
      },
      "test_rmse": {
        "mean": 0.10366725418177784,
        "std": 0.0016444733868278686,
        "min": 0.10144010984686037,
        "max": 0.10643213556190716,
        "values": [
          0.10643213556190716,
          0.10374707369197816,
          0.10275861614487385,
          0.10144010984686037,
          0.10395833566326967
        ]
      },
      "test_r2": {
        "mean": 0.9760874587054866,
        "std": 0.0007610182031140251,
        "min": 0.9748012600451574,
        "max": 0.9771096362725255,